名称,郵便番号,住所,電話番号,URL,備考,経度,緯度,分類
阿佐谷北児童遊園,166-0001,阿佐谷北1丁目11番3号,,https://www.city.suginami.tokyo.jp/shisetsu/kouen/01/asagayakita/1007052.html,,139.640906699997,35.7059916697922,公園 
阿佐谷中央公園,166-0001,阿佐谷北1丁目39番24号,,https://www.city.suginami.tokyo.jp/shisetsu/kouen/01/asagayakita/1007053.html,,139.638067600028,35.7093848199585,公園 
阿佐谷西公園,166-0001,阿佐谷北2丁目32番21号,,https://www.city.suginami.tokyo.jp/shisetsu/kouen/01/asagayakita/1007054.html,,139.633283500167,35.7071286398131,公園 
松山児童遊園,166-0001,阿佐谷北3丁目35番2号,,https://www.city.suginami.tokyo.jp/shisetsu/kouen/01/asagayakita/1007055.html,,139.632476300178,35.7113672100105,公園 
阿佐谷こぶし緑地,166-0001,阿佐谷北3丁目36番2号,,https://www.city.suginami.tokyo.jp/shisetsu/kouen/01/asagayakita/1007056.html,,139.633525500175,35.7113481800129,公園 
阿佐谷かりん公園,166-0001,阿佐谷北4丁目20番13号,,https://www.city.suginami.tokyo.jp/shisetsu/kouen/01/asagayakita/1007057.html,,139.635382300043,35.7126984399902,公園 
お伊勢の森児童遊園,166-0001,阿佐谷北5丁目35番5号,,https://www.city.suginami.tokyo.jp/shisetsu/kouen/01/asagayakita/1007058.html,,139.639809400005,35.7108864899848,公園 
Aさんの庭,166-0001,阿佐谷北5丁目45番13号,,https://www.city.suginami.tokyo.jp/shisetsu/kouen/01/asagayakita/1007059.html,,139.640588199994,35.7112779099894,公園 
阿佐谷北第二児童遊園,166-0001,阿佐谷北6丁目7番8号,,https://www.city.suginami.tokyo.jp/shisetsu/kouen/01/asagayakita/1007060.html,,139.639617199982,35.7138875798443,公園 
小七山公園,166-0001,阿佐谷北6丁目30番14号,,https://www.city.suginami.tokyo.jp/shisetsu/kouen/01/asagayakita/1007061.html,,139.636386599983,35.7163022797972,公園 
南阿佐谷すずらん緑地,166-0004,阿佐谷南1丁目11番5号,,https://www.city.suginami.tokyo.jp/shisetsu/kouen/01/asagayaminami/1007062.html,,139.637911900016,35.6989979996485,公園 
馬橋児童遊園,166-0004,阿佐谷南1丁目13番33号,,https://www.city.suginami.tokyo.jp/shisetsu/kouen/01/asagayaminami/1007063.html,,139.638733800017,35.6994758397532,公園 
阿佐谷児童遊園,166-0004,阿佐谷南1丁目18番9号,,https://www.city.suginami.tokyo.jp/shisetsu/kouen/01/asagayaminami/1007064.html,,139.637618900023,35.7003373396381,公園 
阿佐谷にしはら公園,166-0004,阿佐谷南1丁目21番28号,,https://www.city.suginami.tokyo.jp/shisetsu/kouen/01/asagayaminami/1007065.html,,139.641717500011,35.6998506197771,公園 
阿佐谷東公園,167-0004,阿佐谷南1丁目42番6号,,https://www.city.suginami.tokyo.jp/shisetsu/kouen/01/asagayaminami/1007066.html,,139.640096200013,35.7018248996466,公園 
阿佐谷ことり公園,167-0004,阿佐谷南3丁目4番16号,,https://www.city.suginami.tokyo.jp/shisetsu/kouen/01/asagayaminami/1007067.html,,139.633948300044,35.7013888096122,公園 
阿佐谷南公園,166-0004,阿佐谷南3丁目16番18号,,https://www.city.suginami.tokyo.jp/shisetsu/kouen/01/asagayaminami/1007068.html,,139.629714500009,35.7034362597821,公園 
天沼地蔵前公園,167-0032,天沼1丁目1番4号,,https://www.city.suginami.tokyo.jp/shisetsu/kouen/01/amanuma/1007069.html,,139.627258899996,35.7048843798342,公園 
天沼一丁目児童遊園,167-0032,天沼1丁目2番11号,,https://www.city.suginami.tokyo.jp/shisetsu/kouen/01/amanuma/1007070.html,,139.629199100024,35.7055143798193,公園 
天沼東公園,167-0032,天沼1丁目32番11号,,https://www.city.suginami.tokyo.jp/shisetsu/kouen/01/amanuma/1007071.html,,139.627623300043,35.7079963599619,公園 
天沼西公園,167-0032,天沼3丁目17番27号,,https://www.city.suginami.tokyo.jp/shisetsu/kouen/01/amanuma/1007072.html,,139.619677300042,35.7090371999863,公園 
天沼弁天池公園,167-0032,天沼3丁目23番1号,,https://www.city.suginami.tokyo.jp/shisetsu/kouen/01/amanuma/1007073.html,車いすトイレ　オストメイトトイレ　ベビーベッド・ベビーチェアトイレ　,139.621503000035,35.7086997799893,公園 
天沼もえぎ公園,167-0032,天沼3丁目31番5号,,https://www.city.suginami.tokyo.jp/shisetsu/kouen/01/amanuma/1007074.html,,139.622137700002,35.707318499991,公園 
天沼三丁目公園,167-0032,天沼3丁目36番3号,,https://www.city.suginami.tokyo.jp/shisetsu/kouen/01/amanuma/1007075.html,,139.622198600167,35.7098873999847,公園 
井草東公園,167-0021,井草1丁目10番18号,,https://www.city.suginami.tokyo.jp/shisetsu/kouen/01/igusa/1007076.html,,139.62689039985,35.7243781897579,公園 
井草さくら公園,167-0021,井草1丁目17番16号,,https://www.city.suginami.tokyo.jp/shisetsu/kouen/01/igusa/1007077.html,,139.622790999844,35.7257324997668,公園 
正保公園,167-0021,井草1丁目32番2号,,https://www.city.suginami.tokyo.jp/shisetsu/kouen/01/igusa/1007078.html,,139.622997099831,35.7270444197668,公園 
井草公園,167-0021,井草2丁目21番1号,,https://www.city.suginami.tokyo.jp/shisetsu/kouen/01/igusa/1007079.html,,139.618885399823,35.7272152897907,公園 
八成公園,167-0021,井草2丁目27番8号,,https://www.city.suginami.tokyo.jp/shisetsu/kouen/01/igusa/1007080.html,,139.620326399825,35.7283936797727,公園 
井草三丁目緑地,167-0021,井草3丁目4番13号,,https://www.city.suginami.tokyo.jp/shisetsu/kouen/01/igusa/1007081.html,,139.613934699824,35.7262848898194,公園 
住吉公園,167-0021,井草3丁目15番5号,,https://www.city.suginami.tokyo.jp/shisetsu/kouen/01/igusa/1007082.html,,139.614786599814,35.7269698098224,公園 
井草北公園,167-0021,井草3丁目20番10号,,https://www.city.suginami.tokyo.jp/shisetsu/kouen/01/igusa/1007083.html,,139.616335899806,35.7282431498169,公園 
矢頭公園,167-0021,井草4丁目3番5号,,https://www.city.suginami.tokyo.jp/shisetsu/kouen/01/igusa/1007084.html,,139.610234189132,35.7254789778272,公園 
井草ひまわり公園,167-0021,井草4丁目8番21号,,https://www.city.suginami.tokyo.jp/shisetsu/kouen/01/igusa/1007085.html,,139.611780199827,35.725902529827,公園 
井草森公園,167-0021,井草4丁目12番1号,03-5310-4515,https://www.city.suginami.tokyo.jp/shisetsu/kouen/01/igusa/1007086.html,車いすトイレ　車いす駐車場　インターホン　点字ブロック　音声案内　AED　,139.611942999811,35.7267260398408,公園 
玉川上水公園,168-0063,和泉2丁目7番19号,,https://www.city.suginami.tokyo.jp/shisetsu/kouen/01/izumi/1007087.html,,139.650590500039,35.6713385497579,公園 
和泉二丁目緑地,168-0063,和泉2丁目17番38号,,https://www.city.suginami.tokyo.jp/shisetsu/kouen/01/izumi/1007088.html,,139.650097299987,35.6746006097904,公園 
和泉二丁目公園,168-0063,和泉2丁目45番10号,,https://www.city.suginami.tokyo.jp/shisetsu/kouen/01/izumi/1007089.html,,139.649770299842,35.6772020598181,公園 
和泉西公園,168-0063,和泉3丁目47番17号,,https://www.city.suginami.tokyo.jp/shisetsu/kouen/01/izumi/1007090.html,,139.647534399797,35.6798829798375,公園 
和泉児童遊園,168-0063,和泉4丁目16番23号,,https://www.city.suginami.tokyo.jp/shisetsu/kouen/01/izumi/1007091.html,,139.650204199824,35.6792417598265,公園 
和泉緑地,168-0063,和泉4丁目17番1号,,https://www.city.suginami.tokyo.jp/shisetsu/kouen/01/izumi/1007092.html,,139.65088619983,35.6800252898283,公園 
和泉四丁目緑地,168-0063,和泉4丁目17番26号,,https://www.city.suginami.tokyo.jp/shisetsu/kouen/01/izumi/1007093.html,,139.651110099831,35.680820489832,公園 
べんてんばし公園,168-0063,和泉4丁目17番29号,,https://www.city.suginami.tokyo.jp/shisetsu/kouen/01/izumi/1007094.html,,139.652668899845,35.6808480798283,公園 
和泉がけ公園,168-0063,和泉4丁目18番5号,,https://www.city.suginami.tokyo.jp/shisetsu/kouen/01/izumi/1007095.html,,139.652597899847,35.6799270998228,公園 
一本橋公園,168-0063,和泉4丁目18番28号,,https://www.city.suginami.tokyo.jp/shisetsu/kouen/01/izumi/1007096.html,,139.650981699832,35.6795404298255,公園 
泉南緑地,168-0063,和泉4丁目41番1号,,https://www.city.suginami.tokyo.jp/shisetsu/kouen/01/izumi/1007097.html,,139.655920999978,35.6802706598157,公園 
弁天橋東緑地,168-0063,和泉4丁目44番1号,,https://www.city.suginami.tokyo.jp/shisetsu/kouen/01/izumi/1007098.html,,139.654453099961,35.6807412198231,公園 
今川一丁目公園,167-0035,今川1丁目19番8号,,https://www.city.suginami.tokyo.jp/shisetsu/kouen/01/imagawa/1007099.html,,139.613583800047,35.7186225897513,公園 
今川二丁目公園,167-0035,今川2丁目12番7号,,https://www.city.suginami.tokyo.jp/shisetsu/kouen/01/imagawa/1007100.html,,139.610346300167,35.7162593397903,公園 
観泉寺児童遊園,167-0035,今川2丁目6番12号,,https://www.city.suginami.tokyo.jp/shisetsu/kouen/01/imagawa/1007101.html,,139.607386300171,35.7162651997897,公園 
今川三丁目公園,167-0035,今川3丁目3番7号,,https://www.city.suginami.tokyo.jp/shisetsu/kouen/01/imagawa/1007102.html,,139.606183200174,35.7150961698037,公園 
三谷南公園,167-0035,今川3丁目6番14号,,https://www.city.suginami.tokyo.jp/shisetsu/kouen/01/imagawa/1007103.html,,139.603662400175,35.7153797297948,公園 
今川児童遊園,167-0035,今川4丁目6番1号,,https://www.city.suginami.tokyo.jp/shisetsu/kouen/01/imagawa/1007104.html,,139.599504800174,35.714635039773,公園 
新町鳥居先公園,167-0035,今川4丁目11番7号,,https://www.city.suginami.tokyo.jp/shisetsu/kouen/01/imagawa/1007105.html,,139.599335700178,35.7157867597919,公園 
三谷西緑地,167-0035,今川4丁目18番10号,,https://www.city.suginami.tokyo.jp/shisetsu/kouen/01/imagawa/1007106.html,,139.59945000018,35.7164945098039,公園 
道灌公園,167-0035,今川4丁目27番7号,,https://www.city.suginami.tokyo.jp/shisetsu/kouen/01/imagawa/1007107.html,,139.601380400181,35.7176868998101,公園 
梅里公園,166-0011,梅里1丁目1番55号,,https://www.city.suginami.tokyo.jp/shisetsu/kouen/01/umezato/1007108.html,車いすトイレ　点字案内　,139.653807899975,35.6952788697782,公園 
梅里児童遊園,166-0011,梅里1丁目14番2号,,https://www.city.suginami.tokyo.jp/shisetsu/kouen/01/umezato/1007109.html,,139.651358100007,35.6961608098168,公園 
かっぱ公園,166-0011,梅里2丁目12番2号,,https://www.city.suginami.tokyo.jp/shisetsu/kouen/01/umezato/1007110.html,,139.645123700159,35.6961994199559,公園 
梅里中央公園,166-0011,梅里2丁目34番20号,,https://www.city.suginami.tokyo.jp/shisetsu/kouen/01/umezato/1007111.html,,139.641204900028,35.6960833598078,公園 
玉川上水永泉寺緑地,168-0064,永福1丁目4番1号,,https://www.city.suginami.tokyo.jp/shisetsu/kouen/01/eifuku/1007112.html,,139.642217100163,35.6679432396376,公園 
どんぐり緑地,168-0064,永福1丁目7番28号,,https://www.city.suginami.tokyo.jp/shisetsu/kouen/01/eifuku/1007113.html,,139.645322000151,35.6708875296341,公園 
ひまわり公園,168-0064,永福1丁目7番6号,,https://www.city.suginami.tokyo.jp/shisetsu/kouen/01/eifuku/1007114.html,,139.642218700177,35.6693797996163,公園 
永福中央公園,168-0064,永福2丁目1番12号,,https://www.city.suginami.tokyo.jp/shisetsu/kouen/01/eifuku/1007115.html,,139.641393100169,35.6708654996099,公園 
永福南公園,168-0064,永福2丁目6番23号,,https://www.city.suginami.tokyo.jp/shisetsu/kouen/01/eifuku/1007116.html,,139.638879682478,35.6710401661956,公園 
西永福公園,168-0064,永福3丁目40番6号,,https://www.city.suginami.tokyo.jp/shisetsu/kouen/01/eifuku/1007117.html,,139.636774900017,35.6776703396064,公園 
永福北公園,168-0064,永福4丁目26番4号,,https://www.city.suginami.tokyo.jp/shisetsu/kouen/01/eifuku/1007118.html,,139.641955899955,35.6805470797823,公園 
大宮児童公園,168-0061,大宮2丁目4番10号,,https://www.city.suginami.tokyo.jp/shisetsu/kouen/01/oomiya/1007119.html,,139.639664199993,35.6817486897593,公園 
宮元公園,168-0061,大宮2丁目13番13号,,https://www.city.suginami.tokyo.jp/shisetsu/kouen/01/oomiya/1007120.html,,139.636557700031,35.6810427096177,公園 
西田仲よし広場緑地,167-0051,荻窪1丁目17番1号,,https://www.city.suginami.tokyo.jp/shisetsu/kouen/02/ogikubo/1007121.html,,139.621413799962,35.6936196698007,公園 
松渓公園,167-0051,荻窪1丁目39番1号,,https://www.city.suginami.tokyo.jp/shisetsu/kouen/02/ogikubo/1007122.html,車いすトイレ　オストメイトトイレ　ベビーベッド・ベビーチェアトイレ　点字案内　,139.621652099845,35.6950963197847,公園 
天神橋公園,167-0051,荻窪1丁目50番33号,,https://www.city.suginami.tokyo.jp/shisetsu/kouen/02/ogikubo/1007123.html,,139.625400799953,35.6946730897656,公園 
西田第二児童遊園,167-0051,荻窪1丁目57番33号,,https://www.city.suginami.tokyo.jp/shisetsu/kouen/02/ogikubo/1007124.html,,139.62656799995,35.6951779297611,公園 
西田公園,167-0051,荻窪2丁目15番11号,,https://www.city.suginami.tokyo.jp/shisetsu/kouen/02/ogikubo/1007125.html,,139.620755499844,35.695590869796,公園 
荻窪公園,167-0051,荻窪2丁目27番8号,,http://www.city.suginami.tokyo.jp/shisetsu/kouen/02/ogikubo/1007126.html,,139.6197628029,35.6976191274515,公園 
荻窪第二児童遊園,167-0051,荻窪2丁目38番9号,,https://www.city.suginami.tokyo.jp/shisetsu/kouen/02/ogikubo/1007127.html,,139.620815999822,35.6987347798383,公園 
松渓橋公園,167-0051,荻窪2丁目40番1号,,https://www.city.suginami.tokyo.jp/shisetsu/kouen/02/ogikubo/1007128.html,車いすトイレ　オストメイトトイレ　ベビーベッド・ベビーチェアトイレ　,139.623120299838,35.697129049804,公園 
大谷戸さくら緑地,167-0051,荻窪3丁目7番26号,,https://www.city.suginami.tokyo.jp/shisetsu/kouen/02/ogikubo/1007129.html,,139.624610499844,35.6978968498009,公園 
大谷戸かえで緑地,167-0051,荻窪3丁目7番39号,,https://www.city.suginami.tokyo.jp/shisetsu/kouen/02/ogikubo/1007130.html,,139.626167399953,35.697872909787,公園 
大谷戸けやき緑地,167-0051,荻窪3丁目7番51号,,https://www.city.suginami.tokyo.jp/shisetsu/kouen/02/ogikubo/1007131.html,車いすトイレ　オストメイトトイレ　ベビーベッド・ベビーチェアトイレ　点字ブロック　,139.626942999954,35.6967715197716,公園 
角川庭園,167-0051,荻窪3丁目14番22号,03-6795-6855,https://www.city.suginami.tokyo.jp/shisetsu/kouen/02/ogikubo/1007132.html,車いすトイレ　オストメイトトイレ　ベビーベッド・ベビーチェアトイレ　車いす駐車場　車いす用出入口　インターホン　AED　,139.62445152914,35.6986776729111,公園 
大田黒公園,167-0051,荻窪3丁目33番12号,03-3398-5814,https://www.city.suginami.tokyo.jp/shisetsu/kouen/02/ogikubo/1007133.html,ベビーベッド・ベビーチェアトイレ　インターホン　AED　,139.624438616437,35.7007407219344,公園 
読書の森公園,167-0051,荻窪3丁目39番16号,,https://www.city.suginami.tokyo.jp/shisetsu/kouen/02/ogikubo/1007134.html,,139.62645809996,35.7023453998223,公園 
おしかわ公園,167-0051,荻窪5丁目2番13号,,https://www.city.suginami.tokyo.jp/shisetsu/kouen/02/ogikubo/1007135.html,,139.617750399812,35.7007775099565,公園 
柿木公園,167-0023,上井草1丁目26番18号,,https://www.city.suginami.tokyo.jp/shisetsu/kouen/02/kamiigusa/1007136.html,,139.612318099969,35.7237741697868,公園 
柿木北公園,167-0023,上井草1丁目33番3号,,https://www.city.suginami.tokyo.jp/shisetsu/kouen/02/kamiigusa/1007137.html,,139.611876899951,35.7246750298041,公園 
四宮南公園,167-0023,上井草2丁目3番11号,,https://www.city.suginami.tokyo.jp/shisetsu/kouen/02/kamiigusa/1007138.html,,139.609675700154,35.7194404296153,公園 
瀬戸原緑地,167-0023,上井草2丁目17番14号,,https://www.city.suginami.tokyo.jp/shisetsu/kouen/02/kamiigusa/1007139.html,,139.605627300038,35.7214640197855,公園 
四宮公園,167-0023,上井草2丁目27番12号,,https://www.city.suginami.tokyo.jp/shisetsu/kouen/02/kamiigusa/1007140.html,,139.606974800003,35.7228392997933,公園 
上井草向山公園,167-0023,上井草2丁目39番19号,,https://www.city.suginami.tokyo.jp/shisetsu/kouen/02/kamiigusa/1007141.html,,139.606126899985,35.7240271998202,公園 
四宮森公園,167-0023,上井草2丁目41番25号,,https://www.city.suginami.tokyo.jp/shisetsu/kouen/02/kamiigusa/1007142.html,,139.608521499963,35.7242566398089,公園 
どんぐり山児童遊園,167-0023,上井草3丁目4番17号,,https://www.city.suginami.tokyo.jp/shisetsu/kouen/02/kamiigusa/1007143.html,,139.603645400176,35.7197013497934,公園 
三谷公園,167-0023,上井草3丁目12番10号,,https://www.city.suginami.tokyo.jp/shisetsu/kouen/02/kamiigusa/1007144.html,,139.599781600191,35.7193889898476,公園 
道灌橋公園,167-0023,上井草3丁目14番23号,,https://www.city.suginami.tokyo.jp/shisetsu/kouen/02/kamiigusa/1007145.html,,139.601780400176,35.7205197698278,公園 
上瀬戸公園,167-0023,上井草3丁目16番23号,,https://www.city.suginami.tokyo.jp/shisetsu/kouen/02/kamiigusa/1007146.html,,139.604419700156,35.7208517197932,公園 
切通し公園,167-0023,上井草4丁目3番10号,,https://www.city.suginami.tokyo.jp/shisetsu/kouen/02/kamiigusa/1007147.html,,139.59708480019,35.7175859398379,公園 
上井草西公園,167-0023,上井草4丁目8番9号,,https://www.city.suginami.tokyo.jp/shisetsu/kouen/02/kamiigusa/1007148.html,,139.595108600179,35.7198696399895,公園 
上荻窪児童遊園,167-0043,上荻2丁目21番6号,,https://www.city.suginami.tokyo.jp/shisetsu/kouen/02/kamiogi/1007149.html,,139.61332499997,35.7062757799661,公園 
上荻窪第三児童遊園,167-0043,上荻2丁目36番6号,,https://www.city.suginami.tokyo.jp/shisetsu/kouen/02/kamiogi/1007150.html,,139.611196800033,35.7089291499763,公園 
上荻窪第二児童遊園,167-0043,上荻3丁目16番6号,,https://www.city.suginami.tokyo.jp/shisetsu/kouen/02/kamiogi/1007151.html,,139.607980300025,35.7085937599531,公園 
関根文化公園,167-0043,上荻4丁目2番10号,,https://www.city.suginami.tokyo.jp/shisetsu/kouen/02/kamiogi/1007152.html,,139.605192200034,35.7088396798155,公園 
上荻ひかり緑地,167-0043,上荻4丁目14番54号,,https://www.city.suginami.tokyo.jp/shisetsu/kouen/02/kamiogi/1007153.html,,139.604830100158,35.7102664598143,公園 
上高井戸南公園,168-0074,上高井戸1丁目15番3号,,https://www.city.suginami.tokyo.jp/shisetsu/kouen/02/kamitakaido/1007154.html,,139.612698915263,35.6707595520911,公園 
上高井戸宿公園,168-0074,上高井戸1丁目24番5号,,https://www.city.suginami.tokyo.jp/shisetsu/kouen/02/kamitakaido/1007155.html,,139.612383400045,35.6723954697798,公園 
はるかぜ緑地,168-0074,上高井戸1丁目30番38号,,https://www.city.suginami.tokyo.jp/shisetsu/kouen/02/kamitakaido/1007156.html,,139.609945100042,35.6735512796437,公園 
つばき緑地,168-0074,上高井戸1丁目32番29号,,https://www.city.suginami.tokyo.jp/shisetsu/kouen/02/kamitakaido/1007157.html,,139.607679399994,35.676435049629,公園 
浅間橋公園,168-0074,上高井戸2丁目16番10号,,https://www.city.suginami.tokyo.jp/shisetsu/kouen/02/kamitakaido/1007158.html,,139.606702752572,35.6789737897246,公園 
上高井戸西原緑地,168-0074,上高井戸2丁目17番32号,,https://www.city.suginami.tokyo.jp/shisetsu/kouen/02/kamitakaido/1007159.html,,139.606363799974,35.6784658896181,公園 
はなみずき緑地,168-0074,上高井戸3丁目3番20号,,https://www.city.suginami.tokyo.jp/shisetsu/kouen/02/kamitakaido/1007160.html,,139.618370400006,35.6742324398473,公園 
上高井戸東公園,168-0074,上高井戸3丁目4番20号,,https://www.city.suginami.tokyo.jp/shisetsu/kouen/02/kamitakaido/1007161.html,,139.617984900009,35.6749055198382,公園 
そよかぜ緑地,168-0074,上高井戸3丁目8番38号,,https://www.city.suginami.tokyo.jp/shisetsu/kouen/02/kamitakaido/1007162.html,,139.61643130001,35.675075549818,公園 
上高井戸第二児童遊園,168-0074,上高井戸3丁目11番17号,,https://www.city.suginami.tokyo.jp/shisetsu/kouen/02/kamitakaido/1007163.html,,139.614799800001,35.6766246997902,公園 
富士見丘児童遊園,198-0082,久我山2丁目22番63号,,https://www.city.suginami.tokyo.jp/shisetsu/kouen/02/kugayama/1007164.html,,139.606662099975,35.6835499597789,公園 
兵庫橋公園,168-0082,久我山3丁目5番37号,,https://www.city.suginami.tokyo.jp/shisetsu/kouen/02/kugayama/1007165.html,車いすトイレ　オストメイトトイレ　ベビーベッド・ベビーチェアトイレ　点字案内　点字ブロック　,139.593801182189,35.6854872275166,公園 
久我山中央緑地,168-0082,久我山3丁目25番21号,,https://www.city.suginami.tokyo.jp/shisetsu/kouen/02/kugayama/1007166.html,,139.59856203215,35.687785141232,公園 
宮下橋公園,168-0082,久我山3丁目27番15号,,https://www.city.suginami.tokyo.jp/shisetsu/kouen/02/kugayama/1007167.html,,139.595941753662,35.6873901524056,公園 
緑橋緑地,168-0082,久我山3丁目30番2号,,https://www.city.suginami.tokyo.jp/shisetsu/kouen/02/kugayama/1007168.html,,139.594288241633,35.6886106672441,公園 
久我山公園,168-0082,久我山3丁目37番3号,,https://www.city.suginami.tokyo.jp/shisetsu/kouen/02/kugayama/1007169.html,,139.597545371346,35.6888602989496,公園 
久我山つくし公園,168-0082,久我山4丁目13番24号,,https://www.city.suginami.tokyo.jp/shisetsu/kouen/02/kugayama/1007170.html,,139.596380005931,35.6903997999874,公園 
さざんか公園,168-0082,久我山4丁目30番19号,,https://www.city.suginami.tokyo.jp/shisetsu/kouen/02/kugayama/1007171.html,,139.591017600011,35.6941577499579,公園 
久我山児童遊園,168-0082,久我山4丁目36番1号,,https://www.city.suginami.tokyo.jp/shisetsu/kouen/02/kugayama/1007172.html,,139.592855800008,35.6923965198314,公園 
久我山東原公園,168-0082,久我山5丁目12番27号,,https://www.city.suginami.tokyo.jp/shisetsu/kouen/02/kugayama/1007173.html,,139.604972140592,35.6875531508008,公園 
久我山遊友緑地,168-0082,久我山5丁目18番29号,,https://www.city.suginami.tokyo.jp/shisetsu/kouen/02/kugayama/1007174.html,,139.605756621287,35.6864302536007,公園 
富士見丘西公園,168-0082,久我山5丁目19番1号,,https://www.city.suginami.tokyo.jp/shisetsu/kouen/02/kugayama/1007175.html,,139.606949099974,35.68585649981,公園 
富士見丘北公園,168-0082,久我山5丁目24番23号,,https://www.city.suginami.tokyo.jp/shisetsu/kouen/02/kugayama/1007176.html,,139.608019794363,35.6877756518369,公園 
久我山東児童遊園,168-0082,久我山5丁目30番25号,,https://www.city.suginami.tokyo.jp/shisetsu/kouen/02/kugayama/1007177.html,,139.604761099991,35.6887722898107,公園 
たかはら公園,166-0002,高円寺北1丁目10番1号,,https://www.city.suginami.tokyo.jp/shisetsu/kouen/02/kouenjikita/1007178.html,,139.658011099994,35.706062889822,公園 
高円寺北一児童遊園,166-0002,高円寺北1丁目15番22号,,https://www.city.suginami.tokyo.jp/shisetsu/kouen/02/kouenjikita/1007179.html,,139.656017399998,35.7082496697867,公園 
高円寺北一みどり公園,166-0002,高円寺北1丁目28番2号,,https://www.city.suginami.tokyo.jp/shisetsu/kouen/02/kouenjikita/1007180.html,車いすトイレ　オストメイトトイレ　ベビーベッド・ベビーチェアトイレ　点字ブロック　,139.657714600012,35.7083141197772,公園 
高円寺北二公園,166-0002,高円寺北2丁目16番15号,,https://www.city.suginami.tokyo.jp/shisetsu/kouen/02/kouenjikita/1007181.html,,139.652737799967,35.7069475998099,公園 
馬橋北公園,166-0002,高円寺北3丁目11番12号,,https://www.city.suginami.tokyo.jp/shisetsu/kouen/02/kouenjikita/1007182.html,,139.646436099831,35.7071832598189,公園 
高円寺北公園,166-0002,高円寺北3丁目20番15号,,https://www.city.suginami.tokyo.jp/shisetsu/kouen/02/kouenjikita/1007183.html,車いすトイレ　,139.648936499842,35.7072055398157,公園 
馬橋北第二公園,166-0002,高円寺北3丁目26番9号,,https://www.city.suginami.tokyo.jp/shisetsu/kouen/02/kouenjikita/1007184.html,,139.647070799828,35.7080124098276,公園 
高円寺北三丁目公園,166-0002,高円寺北3丁目35番7号,,https://www.city.suginami.tokyo.jp/shisetsu/kouen/02/kouenjikita/1007185.html,,139.648191999836,35.7088263798288,公園 
馬橋公園,166-0002,高円寺北4丁目35番5号,03-3336-1105,https://www.city.suginami.tokyo.jp/shisetsu/kouen/02/kouenjikita/1007186.html,車いすトイレ　点字案内　点字ブロック　AED　,139.643768999959,35.7095690199518,公園 
こりす公園,166-0003,高円寺南1丁目4番16号,,https://www.city.suginami.tokyo.jp/shisetsu/kouen/02/kouenjiminami/1007187.html,,139.660348299831,35.6992599197861,公園 
やなぎ公園,166-0003,高円寺南1丁目12番14号,,https://www.city.suginami.tokyo.jp/shisetsu/kouen/02/kouenjiminami/1007188.html,,139.655724499951,35.6988022197933,公園 
かえる公園,166-0003,高円寺南1丁目16番12号,,https://www.city.suginami.tokyo.jp/shisetsu/kouen/02/kouenjiminami/1007189.html,,139.657171399849,35.7004076998142,公園 
桃園川緑道,166-0003,高円寺南1丁目34番10号,,https://www.city.suginami.tokyo.jp/shisetsu/kouen/02/kouenjiminami/1007190.html,車いすトイレ　,139.656637199955,35.7014138398301,公園 
高円寺南二丁目公園,166-0003,高円寺南2丁目2番12号,,https://www.city.suginami.tokyo.jp/shisetsu/kouen/02/kouenjiminami/1007191.html,,139.65335479997,35.6988351298054,公園 
高南小公園,166-0003,高円寺南2丁目47番7号,,https://www.city.suginami.tokyo.jp/shisetsu/kouen/02/kouenjiminami/1007192.html,,139.64839939996,35.7019643297986,公園 
新高円寺公園,166-0003,高円寺南3丁目16番5号,,https://www.city.suginami.tokyo.jp/shisetsu/kouen/02/kouenjiminami/1007193.html,,139.645588100015,35.6991275398214,公園 
高円寺南公園,166-0003,高円寺南3丁目30番26号,,https://www.city.suginami.tokyo.jp/shisetsu/kouen/02/kouenjiminami/1007194.html,,139.645071999972,35.7020486897777,公園 
みどりケ丘児童遊園,166-0003,高円寺南3丁目60番13号,,https://www.city.suginami.tokyo.jp/shisetsu/kouen/02/kouenjiminami/1007195.html,,139.647351999835,35.7049578697971,公園 
高南みどり公園,166-0003,高円寺南4丁目1番8号,,https://www.city.suginami.tokyo.jp/shisetsu/kouen/02/kouenjiminami/1007196.html,,139.654487199959,35.7019171698279,公園 
高円寺中央公園,166-0003,高円寺南4丁目31番7号,,https://www.city.suginami.tokyo.jp/shisetsu/kouen/02/kouenjiminami/1007197.html,車いすトイレ　,139.65165329995,35.7037961498193,公園 
高南幼児公園,166-0003,高円寺南4丁目37番15号,,https://www.city.suginami.tokyo.jp/shisetsu/kouen/02/kouenjiminami/1007198.html,,139.653599399963,35.7049283798252,公園 
高円寺東公園,166-0003,高円寺南5丁目11番7号,,https://www.city.suginami.tokyo.jp/shisetsu/kouen/02/kouenjiminami/1007199.html,,139.658382499957,35.7019708698474,公園 
高円寺いこい公園,166-0003,高円寺南5丁目13番23号,,https://www.city.suginami.tokyo.jp/shisetsu/kouen/02/kouenjiminami/1007200.html,,139.660117699964,35.7025205699555,公園 
高円寺谷中緑地,166-0003,高円寺南5丁目19番3号,,https://www.city.suginami.tokyo.jp/shisetsu/kouen/02/kouenjiminami/1007201.html,,139.65591429996,35.7025893398437,公園 
ひとみ公園,166-0003,高円寺南5丁目35番3号,,https://www.city.suginami.tokyo.jp/shisetsu/kouen/02/kouenjiminami/1007202.html,,139.657356899978,35.7047074598465,公園 
清水一丁目公園,167-0033,清水1丁目28番11号,,https://www.city.suginami.tokyo.jp/shisetsu/kouen/02/shimizu/1007203.html,,139.616551800202,35.7115367899873,公園 
清水森公園,167-0033,清水2丁目9番17号,,https://www.city.suginami.tokyo.jp/shisetsu/kouen/02/shimizu/1007204.html,,139.618108400182,35.7135012399573,公園 
くつかけ公園,167-0033,清水3丁目7番18号,,https://www.city.suginami.tokyo.jp/shisetsu/kouen/02/shimizu/1007205.html,,139.616081300162,35.7158979498121,公園 
妙正寺公園,167-0033,清水3丁目21番21号,,https://www.city.suginami.tokyo.jp/shisetsu/kouen/02/shimizu/1007206.html,車いすトイレ　,139.618388800048,35.7172222597955,公園 
一本松公園,167-0022,下井草1丁目3番12号,,https://www.city.suginami.tokyo.jp/shisetsu/kouen/02/shimoigusa/1007207.html,,139.634564700011,35.7153178398282,公園 
すぎのこ公園,167-0022,下井草1丁目25番39号,,https://www.city.suginami.tokyo.jp/shisetsu/kouen/02/shimoigusa/1007208.html,,139.631166000009,35.7164644198045,公園 
東原公園,167-0022,下井草1丁目29番1号,,https://www.city.suginami.tokyo.jp/shisetsu/kouen/02/shimoigusa/1007209.html,,139.630273600005,35.7170015897942,公園 
下井草いど公園,167-0022,下井草2丁目9番1号,,https://www.city.suginami.tokyo.jp/shisetsu/kouen/02/shimoigusa/1007210.html,,139.631006299976,35.7187411197544,公園 
銀杏稲荷公園,167-0022,下井草2丁目15番13号,,https://www.city.suginami.tokyo.jp/shisetsu/kouen/02/shimoigusa/1007211.html,,139.626604299993,35.7191981197609,公園 
下井草二丁目公園,167-0022,下井草2丁目16番18号,,https://www.city.suginami.tokyo.jp/shisetsu/kouen/02/shimoigusa/1007212.html,,139.627863899984,35.7194496197513,公園 
向井東公園,167-0022,下井草2丁目17番2号,,https://www.city.suginami.tokyo.jp/shisetsu/kouen/02/shimoigusa/1007213.html,,139.628732999977,35.7195742396453,公園 
上ノ台公園,167-0022,杉並区下井草2丁目31番1号,,https://www.city.suginami.tokyo.jp/shisetsu/kouen/02/shimoigusa/1007214.html,,139.6263209,35.7210081699984,公園 
向井公園,167-0022,下井草3丁目13番7号,,https://www.city.suginami.tokyo.jp/shisetsu/kouen/02/shimoigusa/1007215.html,,139.624590400005,35.7191180397697,公園 
中瀬児童遊園,167-0022,下井草4丁目7番15号,,https://www.city.suginami.tokyo.jp/shisetsu/kouen/02/shimoigusa/1007216.html,,139.618784800018,35.7201681797558,公園 
神戸町あけぼの公園,167-0022,下井草5丁目8番24号,,https://www.city.suginami.tokyo.jp/shisetsu/kouen/02/shimoigusa/1007217.html,,139.616184800019,35.7206130196476,公園 
神戸町児童遊園,167-0022,下井草5丁目19番8号,,https://www.city.suginami.tokyo.jp/shisetsu/kouen/02/shimoigusa/1007218.html,,139.615374399967,35.723875439782,公園 
玉川上水第三公園,168-0073,下高井戸2丁目1番1号,,https://www.city.suginami.tokyo.jp/shisetsu/kouen/03/shimotakaido/1007219.html,,139.638161200184,35.6685841795997,公園 
永泉寺坂児童遊園,168-0073,下高井戸2丁目21番29号,,https://www.city.suginami.tokyo.jp/shisetsu/kouen/03/shimotakaido/1007220.html,,139.641143500178,35.6691069296137,公園 
下高井戸公園,168-0073,下高井戸2丁目27番5号,,https://www.city.suginami.tokyo.jp/shisetsu/kouen/03/shimotakaido/1007221.html,,139.635791300198,35.670550259575,公園 
玉川上水第二公園,168-0073,下高井戸3丁目1番14号,,https://www.city.suginami.tokyo.jp/shisetsu/kouen/03/shimotakaido/1007222.html,,139.633594300199,35.669850859584,公園 
下高井戸児童遊園,168-0073,下高井戸3丁目25番5号,,https://www.city.suginami.tokyo.jp/shisetsu/kouen/03/shimotakaido/1007223.html,,139.635823400184,35.671937709579,公園 
下高井戸仲町緑地,168-0073,下高井戸4丁目2番29号,,https://www.city.suginami.tokyo.jp/shisetsu/kouen/03/shimotakaido/1007224.html,,139.630257500155,35.6700116396497,公園 
喜花公園,168-0073,下高井戸4丁目6番15号,,https://www.city.suginami.tokyo.jp/shisetsu/kouen/03/shimotakaido/1007225.html,,139.627725500026,35.6711871097979,公園 
藤和緑地,168-0073,下高井戸4丁目39番22号,,https://www.city.suginami.tokyo.jp/shisetsu/kouen/03/shimotakaido/1007226.html,,139.630275400045,35.6757939096395,公園 
下高井戸西公園,168-0073,下高井戸5丁目9番24号,,https://www.city.suginami.tokyo.jp/shisetsu/kouen/03/shimotakaido/1007227.html,,139.622863900001,35.6739470099747,公園 
塚山公園,168-0073,下高井戸5丁目23番12号,03-3302-8989,https://www.city.suginami.tokyo.jp/shisetsu/kouen/03/shimotakaido/1007228.html,車いすトイレ　AED　,139.624830000025,35.6754280398313,公園 
松庵公園,167-0054,松庵1丁目14番22号,,https://www.city.suginami.tokyo.jp/shisetsu/kouen/03/shouan/1007229.html,,139.592131900012,35.6967917799623,公園 
まつぼっくり緑地,167-0054,松庵1丁目16番1号,,https://www.city.suginami.tokyo.jp/shisetsu/kouen/03/shouan/1007230.html,,139.5932029,35.6956930799792,公園 
松庵東公園,167-0054,松庵2丁目10番9号,,https://www.city.suginami.tokyo.jp/shisetsu/kouen/03/shouan/1007231.html,,139.595835799991,35.6970707499687,公園 
青葉公園,167-0054,松庵2丁目20番3号,,https://www.city.suginami.tokyo.jp/shisetsu/kouen/03/shouan/1007232.html,,139.593374500014,35.6985643898436,公園 
松庵三丁目公園,167-0054,松庵3丁目5番21号,,https://www.city.suginami.tokyo.jp/shisetsu/kouen/03/shouan/1007233.html,,139.597056799993,35.6990739998281,公園 
松庵わかくさ公園,167-0054,松庵3丁目24番8号,,https://www.city.suginami.tokyo.jp/shisetsu/kouen/03/shouan/1007234.html,,139.596208600021,35.7031818396478,公園 
西高井戸児童遊園,167-0054,松庵3丁目28番1号,,https://www.city.suginami.tokyo.jp/shisetsu/kouen/03/shouan/1007235.html,,139.596965100004,35.7011162797849,公園 
善福寺一丁目公園,167-0041,善福寺1丁目18番7号,,https://www.city.suginami.tokyo.jp/shisetsu/kouen/03/zenpukuji/1007236.html,,139.597769900163,35.7128844496225,公園 
さくら児童遊園,167-0041,善福寺2丁目12番12号,,https://www.city.suginami.tokyo.jp/shisetsu/kouen/03/zenpukuji/1007237.html,,139.594353100047,35.7110035095901,公園 
善福寺さくら公園,167-0041,善福寺2丁目18番12号,,https://www.city.suginami.tokyo.jp/shisetsu/kouen/03/zenpukuji/1007238.html,,139.594042400048,35.7122928096009,公園 
善福寺二丁目緑地,167-0041,善福寺2丁目24番13号,,https://www.city.suginami.tokyo.jp/shisetsu/kouen/03/zenpukuji/1007239.html,,139.587166600023,35.7122639596181,公園 
善福寺中山公園,167-0041,善福寺3丁目33番12号,,https://www.city.suginami.tokyo.jp/shisetsu/kouen/03/zenpukuji/1007241.html,,139.586632799989,35.7157197997642,公園 
善福寺美樹園公園,167-0041,善福寺4丁目3番29号,,https://www.city.suginami.tokyo.jp/shisetsu/kouen/03/zenpukuji/1007242.html,,139.592350500039,35.7180071398266,公園 
善福寺北緑地,167-0041,善福寺4丁目5番19号,,https://www.city.suginami.tokyo.jp/shisetsu/kouen/03/zenpukuji/1007243.html,,139.589336200001,35.7180320598098,公園 
善福寺西の山公園,167-0041,善福寺4丁目8番2号,,https://www.city.suginami.tokyo.jp/shisetsu/kouen/03/zenpukuji/1007244.html,,139.585882799976,35.7163021697693,公園 
山中公園,168-0071,高井戸西1丁目5番33号,,https://www.city.suginami.tokyo.jp/shisetsu/kouen/03/takaidonishi/1007245.html,,139.614535420686,35.6815808170165,公園 
高井戸みどり公園,168-0071,高井戸西1丁目9番4号,,https://www.city.suginami.tokyo.jp/shisetsu/kouen/03/takaidonishi/1007246.html,,139.610401713853,35.6793435476481,公園 
昭栄公園,168-0072,高井戸西1丁目12番2号,,https://www.city.suginami.tokyo.jp/shisetsu/kouen/03/takaidonishi/1007247.html,,139.608349939355,35.680253749547,公園 
むつみ橋緑地,168-0071,高井戸西1丁目23番29号,,https://www.city.suginami.tokyo.jp/shisetsu/kouen/03/takaidonishi/1007248.html,,139.609927099951,35.6824735297912,公園 
やなぎ橋公園,168-0071,高井戸西1丁目31番5号,,https://www.city.suginami.tokyo.jp/shisetsu/kouen/03/takaidonishi/1007249.html,車いすトイレ　オストメイトトイレ　ベビーベッド・ベビーチェアトイレ　点字ブロック　,139.613550899979,35.6824990298194,公園 
あかね橋公園,168-0071,高井戸西1丁目31番21号,,https://www.city.suginami.tokyo.jp/shisetsu/kouen/03/takaidonishi/1007250.html,,139.609982299952,35.6828085097968,公園 
高井戸わんぱく公園,168-0071,高井戸西2丁目5番10号,,https://www.city.suginami.tokyo.jp/shisetsu/kouen/03/takaidonishi/1007251.html,,139.611881297966,35.6841683064293,公園 
富士見丘東緑地,168-0071,高井戸西2丁目7番36号,,https://www.city.suginami.tokyo.jp/shisetsu/kouen/03/takaidonishi/1007252.html,,139.610340725056,35.684784527529,公園 
桐の木公園,168-0071,高井戸西2丁目7番36号,,https://www.city.suginami.tokyo.jp/shisetsu/kouen/03/takaidonishi/1007253.html,,139.610161097654,35.6848179954285,公園 
高井戸丸太緑地,168-0071,高井戸西2丁目17番2号,,https://www.city.suginami.tokyo.jp/shisetsu/kouen/03/takaidonishi/1007254.html,,139.614181505484,35.6856243776605,公園 
高井戸西公園,168-0071,高井戸西3丁目6番18号,,https://www.city.suginami.tokyo.jp/shisetsu/kouen/03/takaidonishi/1007255.html,,139.613233130372,35.6895355721534,公園 
うめの木緑地,168-0072,高井戸東1丁目1番12号,,https://www.city.suginami.tokyo.jp/shisetsu/kouen/03/takaidohigashi/1007256.html,,139.619044300019,35.6770601898369,公園 
堂の上公園,168-0072,高井戸東1丁目1番16号,,https://www.city.suginami.tokyo.jp/shisetsu/kouen/03/takaidohigashi/1007257.html,,139.619930100027,35.6774690798443,公園 
乙女橋児童遊園,168-0072,高井戸東1丁目1番38号,,https://www.city.suginami.tokyo.jp/shisetsu/kouen/03/takaidohigashi/1007258.html,,139.621179600038,35.6778437799556,公園 
三泉淵緑地,168-0072,高井戸東1丁目15番12号,,https://www.city.suginami.tokyo.jp/shisetsu/kouen/03/takaidohigashi/1007259.html,,139.620882300038,35.6796691999593,公園 
三泉淵第二公園,168-0072,高井戸東1丁目15番8号,,https://www.city.suginami.tokyo.jp/shisetsu/kouen/03/takaidohigashi/1007260.html,,139.620433300034,35.6800619499572,公園 
三井の森公園,168-0072,高井戸東1丁目28番2号,,https://www.city.suginami.tokyo.jp/shisetsu/kouen/03/takaidohigashi/1007261.html,車いすトイレ　ベビーベッド・ベビーチェアトイレ　,139.622708200045,35.6800860899573,公園 
乙女橋緑地,168-0072,高井戸東1丁目29番16号,,https://www.city.suginami.tokyo.jp/shisetsu/kouen/03/takaidohigashi/1007262.html,,139.621742400045,35.6796625299681,公園 
新栄緑地,168-0072,高井戸東2丁目1番14号,,https://www.city.suginami.tokyo.jp/shisetsu/kouen/03/takaidohigashi/1007263.html,,139.617400100012,35.6773526398162,公園 
ひかり公園,168-0072,高井戸東2丁目2番8号,,https://www.city.suginami.tokyo.jp/shisetsu/kouen/03/takaidohigashi/1007264.html,,139.616547100007,35.6770489998082,公園 
つくだ公園,168-0072,高井戸東2丁目13番16号,,https://www.city.suginami.tokyo.jp/shisetsu/kouen/03/takaidohigashi/1007265.html,,139.61497569999,35.6805935698095,公園 
高井戸正用公園,168-0072,高井戸東3丁目14番23号,,https://www.city.suginami.tokyo.jp/shisetsu/kouen/03/takaidohigashi/1007266.html,,139.62441010005,35.6844921099545,公園 
高井戸東三丁目児童遊園,168-0072,高井戸東3丁目7番8号,,https://www.city.suginami.tokyo.jp/shisetsu/kouen/03/takaidohigashi/1007267.html,,139.619133300021,35.6833039999681,公園 
高井戸藤が丘公園,168-0072,高井戸東3丁目9番34号,,https://www.city.suginami.tokyo.jp/shisetsu/kouen/03/takaidohigashi/1007268.html,,139.617388300006,35.685347919974,公園 
高井戸いずみ公園,168-0072,高井戸東3丁目31番7号,,https://www.city.suginami.tokyo.jp/shisetsu/kouen/03/takaidohigashi/1007269.html,,139.618349000005,35.6873490699819,公園 
柳窪西緑地,168-0072,高井戸東4丁目11番42号,,https://www.city.suginami.tokyo.jp/shisetsu/kouen/03/takaidohigashi/1007270.html,,139.61768329998,35.6909702798424,公園 
柳窪公園,168-0072,高井戸東4丁目12番26号,,https://www.city.suginami.tokyo.jp/shisetsu/kouen/03/takaidohigashi/1007271.html,,139.618743999978,35.6915263598352,公園 
柳窪南公園,168-0072,高井戸東4丁目15番1号,,https://www.city.suginami.tokyo.jp/shisetsu/kouen/03/takaidohigashi/1007272.html,,139.619513399998,35.6890637099646,公園 
高井戸東公園,168-0072,高井戸東4丁目19番10号,,https://www.city.suginami.tokyo.jp/shisetsu/kouen/03/takaidohigashi/1007273.html,,139.621400200007,35.6889775199684,公園 
成田かっぱ公園,166-0016,成田西1丁目2番30号,,https://www.city.suginami.tokyo.jp/shisetsu/kouen/03/naritanishi/1007274.html,,139.637454600042,35.6844488596461,公園 
はら公園,166-0016,成田西1丁目16番4号,,https://www.city.suginami.tokyo.jp/shisetsu/kouen/03/naritanishi/1007275.html,,139.632682700191,35.6857173396406,公園 
尾崎公園,166-0016,成田西1丁目21番21号,,https://www.city.suginami.tokyo.jp/shisetsu/kouen/03/naritanishi/1007276.html,,139.631277200153,35.6882212597627,公園 
杉並児童交通公園,166-0016,成田西1丁目22番13号,03-3315-4564,https://www.city.suginami.tokyo.jp/shisetsu/kouen/03/naritanishi/1007277.html,ベビーベッド・ベビーチェアトイレ　AED　,139.631625800047,35.6886743197567,公園 
なりむね第二児童遊園,166-0016,成田西1丁目22番16号,,https://www.city.suginami.tokyo.jp/shisetsu/kouen/03/naritanishi/1007278.html,,139.631044400037,35.6891391597616,公園 
成田西公園,166-0016,成田西2丁目12番4号,,https://www.city.suginami.tokyo.jp/shisetsu/kouen/03/naritanishi/1007279.html,,139.624179500012,35.6894610998357,公園 
大塚児童遊園,166-0016,成田西2丁目12番24号,,https://www.city.suginami.tokyo.jp/shisetsu/kouen/03/naritanishi/1007280.html,,139.623130099998,35.6904015998344,公園 
日性寺児童遊園,166-0016,成田西2丁目16番15号,,https://www.city.suginami.tokyo.jp/shisetsu/kouen/03/naritanishi/1007281.html,,139.626026900019,35.6892832698172,公園 
成田西いこい緑地,166-0016,成田西3丁目16番20号,,https://www.city.suginami.tokyo.jp/shisetsu/kouen/03/naritanishi/1007282.html,,139.628248600001,35.6912249097776,公園 
成田西切通し緑地,166-0016,成田西3丁目17番2号,,https://www.city.suginami.tokyo.jp/shisetsu/kouen/03/naritanishi/1007283.html,,139.627445800003,35.6908851597877,公園 
成田西四丁目緑地,166-0016,成田西4丁目5番2号,,https://www.city.suginami.tokyo.jp/shisetsu/kouen/03/naritanishi/1007284.html,,139.627327899972,35.6932795297681,公園 
東二公園,166-0015,成田東1丁目39番1号,,https://www.city.suginami.tokyo.jp/shisetsu/kouen/03/naritahigashi/1007285.html,,139.640224900019,35.6929686498004,公園 
成三公園,166-0015,成田東2丁目19番8号,,https://www.city.suginami.tokyo.jp/shisetsu/kouen/03/naritahigashi/1007286.html,,139.635394800035,35.6898214096372,公園 
東二児童遊園,166-0015,成田東3丁目7番17号,,https://www.city.suginami.tokyo.jp/shisetsu/kouen/03/naritahigashi/1007287.html,,139.637562600007,35.6925480897652,公園 
白幡児童遊園,166-0015,成田東3丁目17番29号,,https://www.city.suginami.tokyo.jp/shisetsu/kouen/03/naritahigashi/1007288.html,,139.634373399996,35.6925151996238,公園 
東二第三公園,166-0015,成田東3丁目27番24号,,https://www.city.suginami.tokyo.jp/shisetsu/kouen/03/naritahigashi/1007289.html,,139.637947300002,35.6939625697714,公園 
成田東公園,166-0015,成田東4丁目11番11号,,https://www.city.suginami.tokyo.jp/shisetsu/kouen/03/naritahigashi/1007290.html,,139.634361499996,35.6976383796172,公園 
東一坂下緑地,166-0015,成田東4丁目14番9号,,https://www.city.suginami.tokyo.jp/shisetsu/kouen/03/naritahigashi/1007291.html,,139.635358099988,35.6966102396318,公園 
東田児童遊園,166-0015,成田東4丁目15番18号,,https://www.city.suginami.tokyo.jp/shisetsu/kouen/03/naritahigashi/1007292.html,,139.635692899982,35.6957995996388,公園 
なりむね児童遊園,166-0015,成田東5丁目5番5号,,https://www.city.suginami.tokyo.jp/shisetsu/kouen/03/naritahigashi/1007293.html,,139.629246999972,35.6983441897622,公園 
成宗公園,166-0015,成田東5丁目15番12号,,https://www.city.suginami.tokyo.jp/shisetsu/kouen/03/naritahigashi/1007294.html,,139.628392899984,35.7020330097916,公園 
おぎ緑地,167-0042,西荻北1丁目12番11号,,https://www.city.suginami.tokyo.jp/shisetsu/kouen/03/nishiogikita/1007295.html,,139.608664399958,35.7056368598394,公園 
西荻わかば公園,167-0042,西荻北2丁目9番17号,,https://www.city.suginami.tokyo.jp/shisetsu/kouen/03/nishiogikita/1007296.html,,139.603998399977,35.7050634497922,公園 
西荻北中央公園,167-0042,西荻北3丁目25番3号,,https://www.city.suginami.tokyo.jp/shisetsu/kouen/03/nishiogikita/1007297.html,,139.597102400026,35.7056103796251,公園 
西荻北公園,167-0042,西荻北4丁目5番14号,,https://www.city.suginami.tokyo.jp/shisetsu/kouen/03/nishiogikita/1007298.html,,139.594599100039,35.7071574096288,公園 
坂の上のけやき公園,167-0042,西荻北4丁目38番6号,,https://www.city.suginami.tokyo.jp/shisetsu/kouen/03/nishiogikita/1007299.html,,139.597958900035,35.7079164896192,公園 
井荻公園,167-0042,西荻北4丁目38番17号,,https://www.city.suginami.tokyo.jp/shisetsu/kouen/03/nishiogikita/1007300.html,,139.597283300043,35.708981389603,公園 
大宮前児童遊園,167-0053,西荻南1丁目6番19号,,https://www.city.suginami.tokyo.jp/shisetsu/kouen/03/nishiogiminami/1007301.html,,139.600908699975,35.6973753499566,公園 
西荻南児童公園,167-0053,西荻南3丁目4番5号,,https://www.city.suginami.tokyo.jp/shisetsu/kouen/03/nishiogiminami/1007302.html,,139.602026799969,35.7013741897995,公園 
西荻窪平和児童遊園,167-0053,西荻南3丁目18番9号,,https://www.city.suginami.tokyo.jp/shisetsu/kouen/03/nishiogiminami/1007303.html,,139.602166299968,35.7033912197766,公園 
浜田山南公園,168-0065,浜田山1丁目17番10号,,https://www.city.suginami.tokyo.jp/shisetsu/kouen/04/hamadayama/1007304.html,,139.632458500045,35.6771598096033,公園 
浜田山一丁目公園,168-0065,浜田山1丁目25番24号,,https://www.city.suginami.tokyo.jp/shisetsu/kouen/04/hamadayama/1007305.html,,139.630330400048,35.6795358696405,公園 
堂の下児童遊園,168-0065,浜田山2丁目2番1号,,https://www.city.suginami.tokyo.jp/shisetsu/kouen/04/hamadayama/1007306.html,,139.623783200039,35.6774432998358,公園 
柏の宮公園,168-0065,浜田山2丁目5番1号,03-3329-5686,https://www.city.suginami.tokyo.jp/shisetsu/kouen/04/hamadayama/1007307.html,車いすトイレ　ベビーベッド・ベビーチェアトイレ　点字案内　点字ブロック　音声案内　AED　,139.626035216744,35.678238420998,公園 
浜田山公園,168-0065,浜田山2丁目17番1号,,https://www.city.suginami.tokyo.jp/shisetsu/kouen/04/hamadayama/1007308.html,,139.626584900151,35.681330339806,公園 
浜田山東公園,168-0065,浜田山3丁目11番17号,,https://www.city.suginami.tokyo.jp/shisetsu/kouen/04/hamadayama/1007309.html,,139.631881800157,35.6809779896254,公園 
浜田山かなめ公園,168-0065,浜田山3丁目35番7号,,https://www.city.suginami.tokyo.jp/shisetsu/kouen/04/hamadayama/1007310.html,,139.626247500155,35.6837280198236,公園 
すずかけ公園,168-0065,浜田山4丁目3番16号,,https://www.city.suginami.tokyo.jp/shisetsu/kouen/04/hamadayama/1007311.html,,139.633479500174,35.6828561096125,公園 
浜田山四丁目緑地,168-0065,浜田山4丁目5番31号,,https://www.city.suginami.tokyo.jp/shisetsu/kouen/04/hamadayama/1007312.html,,139.634439400167,35.6818240995959,公園 
浜田山さくら緑地,168-0065,浜田山4丁目10番22号,,https://www.city.suginami.tokyo.jp/shisetsu/kouen/04/hamadayama/1007313.html,,139.631021100171,35.6836396297531,公園 
浜田山西児童遊園,168-0065,浜田山4丁目18番8号,,https://www.city.suginami.tokyo.jp/shisetsu/kouen/04/hamadayama/1007314.html,,139.625067600045,35.6868146199556,公園 
あづま児童遊園,168-0062,方南1丁目38番13号,,https://www.city.suginami.tokyo.jp/shisetsu/kouen/04/hounan/1007315.html,,139.662029000014,35.6783465098022,公園 
方南中央公園,168-0062,方南1丁目51番20号,,https://www.city.suginami.tokyo.jp/shisetsu/kouen/04/hounan/1007316.html,,139.659907300016,35.679302919802,公園 
上水橋緑地,168-0062,方南1丁目52番24号,,https://www.city.suginami.tokyo.jp/shisetsu/kouen/04/hounan/1007317.html,,139.657863099998,35.6801135598089,公園 
方南二丁目公園,168-0062,方南2丁目6番11号,,https://www.city.suginami.tokyo.jp/shisetsu/kouen/04/hounan/1007318.html,,139.658747399999,35.6809687598143,公園 
方南公園,168-0062,方南2丁目28番24号,,https://www.city.suginami.tokyo.jp/shisetsu/kouen/04/hounan/1007319.html,,139.658771199848,35.6861906299627,公園 
だいしょうじ公園,166-0013,堀ノ内1丁目9番26号,,https://www.city.suginami.tokyo.jp/shisetsu/kouen/04/horinouchi/1007320.html,,139.650789799821,35.6837182698479,公園 
済美公園,166-0013,堀ノ内1丁目27番40号,,https://www.city.suginami.tokyo.jp/shisetsu/kouen/04/horinouchi/1007321.html,車いすトイレ　オストメイトトイレ　ベビーベッド・ベビーチェアトイレ　,139.649048297671,35.6880397829156,公園 
定塚橋公園,166-0013,堀ノ内2丁目1番28号,,https://www.city.suginami.tokyo.jp/shisetsu/kouen/04/horinouchi/1007322.html,車いすトイレ　ベビーベッド・ベビーチェアトイレ　,139.653835899832,35.6854739499567,公園 
堀ノ内二丁目公園,166-0013,堀ノ内2丁目6番1号,,https://www.city.suginami.tokyo.jp/shisetsu/kouen/04/horinouchi/1007323.html,,139.652804799823,35.6863929799625,公園 
済美児童遊園,166-0013,堀ノ内2丁目6番7号,,https://www.city.suginami.tokyo.jp/shisetsu/kouen/04/horinouchi/1007324.html,,139.651938599821,35.6859123399595,公園 
堀ノ内南公園,166-0013,堀ノ内2丁目17番32号,,https://www.city.suginami.tokyo.jp/shisetsu/kouen/04/horinouchi/1007325.html,,139.653404199833,35.6880649598488,公園 
熊野橋児童遊園,166-0013,堀ノ内2丁目19番6号,,https://www.city.suginami.tokyo.jp/shisetsu/kouen/04/horinouchi/1007326.html,,139.650549411118,35.6870357610604,公園 
谷中公園,166-0013,堀ノ内2丁目38番11号,,https://www.city.suginami.tokyo.jp/shisetsu/kouen/04/horinouchi/1007327.html,,139.648820299953,35.6890981799608,公園 
堀ノ内山谷児童遊園,166-0013,堀ノ内3丁目20番23号,,https://www.city.suginami.tokyo.jp/shisetsu/kouen/04/horinouchi/1007328.html,,139.648205700004,35.6914824299664,公園 
堀ノ内三丁目公園,166-0013,堀ノ内3丁目44番10号,,https://www.city.suginami.tokyo.jp/shisetsu/kouen/04/horinouchi/1007329.html,,139.65103010001,35.6937205598275,公園 
堀ノ内東公園,166-0013,堀ノ内3丁目49番11号,,https://www.city.suginami.tokyo.jp/shisetsu/kouen/04/horinouchi/1007330.html,,139.653703999961,35.6921602498049,公園 
本天沼東公園,166-0014,本天沼1丁目9番8号,,https://www.city.suginami.tokyo.jp/shisetsu/kouen/04/honamanuma/1007331.html,,139.630334000161,35.7130360199794,公園 
本天沼南公園,167-0031,本天沼2丁目3番10号,,https://www.city.suginami.tokyo.jp/shisetsu/kouen/04/honamanuma/1007332.html,車いすトイレ　オストメイトトイレ　ベビーベッド・ベビーチェアトイレ　点字案内　点字ブロック　,139.62776080018,35.71226590999,公園 
本天沼北公園,167-0031,本天沼2丁目38番9号,,https://www.city.suginami.tokyo.jp/shisetsu/kouen/04/honamanuma/1007333.html,,139.626458100041,35.7155158298281,公園 
天沼児童遊園,167-0031,本天沼2丁目38番32号,,https://www.city.suginami.tokyo.jp/shisetsu/kouen/04/honamanuma/1007334.html,,139.627077000151,35.7145695798455,公園 
わかたけ公園,167-0031,本天沼3丁目39番7号,,https://www.city.suginami.tokyo.jp/shisetsu/kouen/04/honamanuma/1007335.html,,139.62261160004,35.7170053398082,公園 
和田堀公園,166-0014,松ノ木1丁目3番24号,,https://www.city.suginami.tokyo.jp/shisetsu/kouen/04/matsunoki/1007336.html,,139.64232122357,35.6854849391068,公園 
松ノ木坂下公園,166-0014,松ノ木2丁目3番15号,,https://www.city.suginami.tokyo.jp/shisetsu/kouen/04/matsunoki/1007337.html,,139.645605299988,35.6901255399608,公園 
松ノ木公園,166-0014,松ノ木2丁目20番5号,,https://www.city.suginami.tokyo.jp/shisetsu/kouen/04/matsunoki/1007338.html,,139.641575200012,35.6911050098141,公園 
松ノ木中央公園,166-0014,松ノ木2丁目24番13号,,https://www.city.suginami.tokyo.jp/shisetsu/kouen/04/matsunoki/1007339.html,,139.643424700009,35.6910195398369,公園 
松ノ木北公園,166-0014,松ノ木3丁目17番16号,,https://www.city.suginami.tokyo.jp/shisetsu/kouen/04/matsunoki/1007340.html,,139.645091900166,35.6942209399687,公園 
松ノ木児童遊園,166-0014,松ノ木3丁目30番8号,,https://www.city.suginami.tokyo.jp/shisetsu/kouen/04/matsunoki/1007341.html,,139.646621800194,35.694907249994,公園 
南荻窪公園,167-0052,南荻窪1丁目28番11号,,https://www.city.suginami.tokyo.jp/shisetsu/kouen/04/minamiogikubo/1007342.html,,139.613134199954,35.6964212198317,公園 
荻窪第一児童遊園,167-0052,南荻窪2丁目25番16号,,https://www.city.suginami.tokyo.jp/shisetsu/kouen/04/minamiogikubo/1007343.html,,139.612480299834,35.6989059998375,公園 
たんぽぽ公園,167-0052,南荻窪3丁目28番7号,,https://www.city.suginami.tokyo.jp/shisetsu/kouen/04/minamiogikubo/1007344.html,,139.610794499799,35.7033511298357,公園 
与謝野公園,167-0052,南荻窪4丁目3番22号,,https://www.city.suginami.tokyo.jp/shisetsu/kouen/04/minamiogikubo/1007345.html,車いすトイレ　オストメイトトイレ　ベビーベッド・ベビーチェアトイレ　点字ブロック　,139.615672799829,35.6988513098383,公園 
はるたけ公園,168-0081,宮前2丁目2番17号,,https://www.city.suginami.tokyo.jp/shisetsu/kouen/04/miyamae/1007346.html,,139.615642699974,35.6915664198394,公園 
松宮公園,168-0081,宮前2丁目2番30号,,https://www.city.suginami.tokyo.jp/shisetsu/kouen/04/miyamae/1007347.html,,139.615947299976,35.6908988098444,公園 
宮前けやき緑地,168-0081,宮前2丁目9番11号,,https://www.city.suginami.tokyo.jp/shisetsu/kouen/04/miyamae/1007348.html,,139.612553899969,35.6927965398388,公園 
宮前公園,168-0081,宮前2丁目12番18号,,https://www.city.suginami.tokyo.jp/shisetsu/kouen/04/miyamae/1007349.html,,139.611148699972,35.6940923998394,公園 
大善公園,168-0081,宮前2丁目15番3号,,https://www.city.suginami.tokyo.jp/shisetsu/kouen/04/miyamae/1007350.html,,139.610998899969,35.6927591198435,公園 
宮下公園,168-0081,宮前2丁目27番30号,,https://www.city.suginami.tokyo.jp/shisetsu/kouen/04/miyamae/1007351.html,,139.615017199971,35.6922706198353,公園 
まてば緑地,168-0081,宮前2丁目29番18号,,https://www.city.suginami.tokyo.jp/shisetsu/kouen/04/miyamae/1007352.html,,139.616290699969,35.6927360598283,公園 
大宮前公園,168-0081,宮前3丁目15番10号,,https://www.city.suginami.tokyo.jp/shisetsu/kouen/04/miyamae/1007353.html,,139.606058399965,35.6967355299521,公園 
小鳩公園,168-0081,宮前3丁目29番2号,,https://www.city.suginami.tokyo.jp/shisetsu/kouen/04/miyamae/1007354.html,,139.608250299963,35.6963784398477,公園 
こぶし公園,168-0081,宮前4丁目13番6号,,https://www.city.suginami.tokyo.jp/shisetsu/kouen/04/miyamae/1007355.html,,139.603112313988,35.6921315581427,公園 
宮前あおぞら緑地,168-0081,宮前4丁目25番6号,,https://www.city.suginami.tokyo.jp/shisetsu/kouen/04/miyamae/1007356.html,,139.608421156067,35.6906182119456,公園 
西宮公園,168-0081,宮前5丁目14番7号,,https://www.city.suginami.tokyo.jp/shisetsu/kouen/04/miyamae/1007357.html,,139.600710041684,35.6937339566716,公園 
宮前新田緑地,168-0081,宮前5丁目15番18号,,https://www.city.suginami.tokyo.jp/shisetsu/kouen/04/miyamae/1007358.html,,139.601592167582,35.6938717649715,公園 
なかよし公園,168-0081,宮前5丁目19番2号,,https://www.city.suginami.tokyo.jp/shisetsu/kouen/04/miyamae/1007359.html,,139.601364199979,35.6943979199816,公園 
桃井公園,167-0034,桃井1丁目19番6号,,https://www.city.suginami.tokyo.jp/shisetsu/kouen/04/momoi/1007360.html,,139.612362800195,35.7114820199924,公園 
中通公園,167-0034,桃井1丁目33番9号,,https://www.city.suginami.tokyo.jp/shisetsu/kouen/04/momoi/1007361.html,,139.611328600179,35.7141346398392,公園 
桃井三丁目緑地,167-0034,桃井3丁目4番6号,,https://www.city.suginami.tokyo.jp/shisetsu/kouen/04/momoi/1007362.html,,139.605407200179,35.7118742498251,公園 
桃井原っぱ公園,167-0034,桃井3丁目8番1号,03-3390-3154,https://www.city.suginami.tokyo.jp/shisetsu/kouen/04/momoi/1007363.html,車いすトイレ　オストメイトトイレ　ベビーベッド・ベビーチェアトイレ　点字案内　点字ブロック　AED　,139.60736501748,35.7132189683367,公園 
和田中央公園,166-0012,和田1丁目38番19号,,https://www.city.suginami.tokyo.jp/shisetsu/kouen/04/wada/1007364.html,,139.661532799803,35.6923094597589,公園 
和田東公園,166-0012,和田1丁目48番16号,,https://www.city.suginami.tokyo.jp/shisetsu/kouen/04/wada/1007365.html,,139.663461099802,35.693015859766,公園 
和田さくらの坂公園,166-0012,和田1丁目54番28号,,https://www.city.suginami.tokyo.jp/shisetsu/kouen/04/wada/1007366.html,車いすトイレ　オストメイトトイレ　ベビーベッド・ベビーチェアトイレ　点字ブロック　,139.664886799802,35.6941278897674,公園 
和田十貫坂緑地,166-0012,和田1丁目58番6号,,https://www.city.suginami.tokyo.jp/shisetsu/kouen/04/wada/1007367.html,,139.666578299806,35.6936190897927,公園 
和田公園,166-0012,和田2丁目1番11号,,https://www.city.suginami.tokyo.jp/shisetsu/kouen/04/wada/1007368.html,,139.661362299827,35.6873532798491,公園 
帝釈天北広場緑地,166-0012,和田3丁目9番7号,,https://www.city.suginami.tokyo.jp/shisetsu/kouen/04/wada/1007369.html,,139.656459999832,35.6934545397526,公園 
和田西公園,166-0012,和田3丁目15番18号,,https://www.city.suginami.tokyo.jp/shisetsu/kouen/04/wada/1007370.html,,139.655249299845,35.6923258397851,公園 
和田北公園,166-0012,和田3丁目41番20号,,https://www.city.suginami.tokyo.jp/shisetsu/kouen/04/wada/1007371.html,,139.658735899803,35.6962011096201,公園 
蚕糸の森公園,166-0012,和田3丁目55番30号,03-3315-7247,https://www.city.suginami.tokyo.jp/shisetsu/kouen/04/wada/1007372.html,点字案内　AED　,139.655997199844,35.6971263797688,公園 
北公園緑地事務所,167-0022,下井草4丁目21番8号,03-3396-5261,https://www.city.suginami.tokyo.jp/shisetsu/kouen/ryokuchi/1007373.html,,139.618785799994,35.7218810797644,公園緑地事務所
南公園緑地事務所,168-0072,高井戸東1丁目18番5号,03-3304-0521,https://www.city.suginami.tokyo.jp/shisetsu/kouen/ryokuchi/1007374.html,,139.619787400026,35.682606549968,公園緑地事務所
井草森公園管理事務所,167-0021,井草4丁目12番1号,03-5310-4515,https://www.city.suginami.tokyo.jp/shisetsu/kouen/kanri/1007375.html,車いすトイレ　インターホン　音声案内　AED　,139.612387026514,35.7266627551363,公園管理事務所
大田黒公園管理事務所,167-0051,荻窪3丁目33番12号,03-3398-5814,https://www.city.suginami.tokyo.jp/shisetsu/kouen/kanri/1007376.html,ベビーベッド・ベビーチェアトイレ　AED　,139.624666280439,35.7008368862326,公園管理事務所
柏の宮公園管理事務所,168-0065,浜田山2丁目5番1号,03-3329-5686,https://www.city.suginami.tokyo.jp/shisetsu/kouen/kanri/1007377.html,車いすトイレ　ベビーベッド・ベビーチェアトイレ　音声案内　AED　,139.626343200141,35.6776485503958,公園管理事務所
蚕糸の森公園管理事務所,166-0012,和田3丁目55番30号,03-3315-7247,https://www.city.suginami.tokyo.jp/shisetsu/kouen/kanri/1007378.html,AED　,139.655740181949,35.6977963836801,公園管理事務所
杉並児童交通公園管理事務所,166-0016,成田西1丁目22番13号,03-3315-4564,https://www.city.suginami.tokyo.jp/shisetsu/kouen/kanri/1007379.html,ベビーベッド・ベビーチェアトイレ　AED　,139.631846715247,35.688697224454,公園管理事務所
塚山公園管理事務所,168-0073,下高井戸5丁目23番12号,03-3302-8989,https://www.city.suginami.tokyo.jp/shisetsu/kouen/kanri/1007380.html,車いすトイレ　AED　,139.624656285121,35.6750658563363,公園管理事務所
馬橋公園管理事務所,166-0002,高円寺北4丁目35番5号,03-3336-1105,https://www.city.suginami.tokyo.jp/shisetsu/kouen/kanri/1007381.html,AED　,139.64365321736,35.7094193425498,公園管理事務所
桃井原っぱ公園管理事務所,167-0034,杉並区桃井3丁目8番1号,03-3390-3154,https://www.city.suginami.tokyo.jp/shisetsu/kouen/kanri/1007382.html,車いすトイレ　オストメイトトイレ　ベビーベッド・ベビーチェアトイレ　点字ブロック　AED,139.607140555351,35.7144241143039,公園管理事務所
善福寺川緑地サービスセンター,166-0016,成田西1丁目30番27号,03-3313-4247,https://www.city.suginami.tokyo.jp/shisetsu/kouen/kyokai/1007383.html,,139.632391728419,35.6906785366421,東京都公園協会-サービスセンター
善福寺公園サービスセンター,167-0041,善福寺3丁目9番10号,03-3396-0825,https://www.city.suginami.tokyo.jp/shisetsu/kouen/kyokai/1007384.html,,139.589966726816,35.7162333099814,東京都公園協会-サービスセンター
塚山公園みどりの相談所,168-0073,下高井戸5丁目23番12号,03-3302-9387,http://www.city.suginami.tokyo.jp/shisetsu/kouen/soudan/1007385.html,,139.624842719993,35.6750605426526,みどりの相談所
善福寺川緑地,,成田東2･3･4丁目　成田西1･3･4丁目　荻窪1丁目,,https://www.city.suginami.tokyo.jp/shisetsu/kouen/toritsu/1007386.html,,139.632307504223,35.6903808331437,杉並区内の都立公園
都立善福寺公園,,善福寺2･3丁目,,https://www.city.suginami.tokyo.jp/shisetsu/kouen/toritsu/1007387.html,,139.590501453326,35.7149147443587,杉並区内の都立公園
和田堀公園,,大宮1･2丁目　成田東1･2丁目　成田西1丁目　堀ノ内1･2丁目　松ノ木1丁目,,https://www.city.suginami.tokyo.jp/shisetsu/kouen/toritsu/1007388.html,,139.639856357009,35.6853739575782,杉並区内の都立公園
清水いこいの森,167-0033,清水2丁目20番8号,,https://www.city.suginami.tokyo.jp/shisetsu/kouen/ikoi/1007389.html,,139.61645290017,35.7149679698298,いこいの森
下井草いこいの森,167-0022,下井草5丁目1番18号,,https://www.city.suginami.tokyo.jp/shisetsu/kouen/ikoi/1007390.html,,139.61674670003,35.7197135096456,いこいの森
山葉名いこいの森,167-0023,上井草4丁目6番10号,,https://www.city.suginami.tokyo.jp/shisetsu/kouen/ikoi/1007391.html,,139.594440200166,35.7184992699506,いこいの森
大宮の杜緑地,168-0061,大宮2丁目2番10号14号,,https://www.city.suginami.tokyo.jp/shisetsu/kouen/01/oomiya/1021991.html,,139.642707938025,35.6822186589297,公園 
成田西ふれあい農業公園,166-0016,杉並区成田西3丁目18番9号,03-5347-2115,https://www.city.suginami.tokyo.jp//shisetsu/kouen/03/naritanishi/1022014.html,,139.623797761708,35.6912328934405,公園 
成宗さくら公園,166-0015,杉並区成田東4丁目3番6号,,https://www.city.suginami.tokyo.jp/shisetsu/kouen/03/naritahigashi/1030603.html,,139.63277638464,35.6958347260361,公園 
下高井戸おおぞら公園,168-0073,杉並区下高井戸2丁目28番23号,03-3321-5022,https://www.city.suginami.tokyo.jp/shisetsu/kouen/03/shimotakaido/1032193.html,,139.637032008751,35.6706762161517,公園 
成田西ふれあい農業公園管理事務所,166-0016,杉並区成田西3丁目18番9号,03-5347-2115,https://www.city.suginami.tokyo.jp/shisetsu/kouen/kanri/1037393,,139.623659023245,35.6914579932942,公園管理事務所
下高井戸おおぞら公園管理事務所,168-0073,杉並区下高井戸2丁目28番23号,03-3321-5022,https://www.city.suginami.tokyo.jp/shisetsu/kouen/kanri/1037395,,139.636864612135,35.6713744895352,公園管理事務所
荻窪つどい公園,167-0051,杉並区荻窪4丁目15番27号,,https://www.city.suginami.tokyo.jp/shisetsu/kouen/02/ogikubo/1040054.html,,139.622122013939,35.7001526564443,公園 
馬橋ほんむら公園,166-0003,杉並区高円寺南3丁目16番12号,,https://www.city.suginami.tokyo.jp/shisetsu/kouen/02/kouenjiminami/1049607.html,,139.645504099999,35.6995423699981,公園 
下高井戸なごみ公園,168-0073,杉並区下高井戸4丁目19番26号,,,,139.63115228,35.6739230099982,公園 
高井戸東ひだまり緑地,168-0072,杉並区高井戸東4丁目27番4号,,https://www.city.suginami.tokyo.jp/shisetsu/kouen/03/takaidohigashi/1049675.html,,139.62364733,35.6869773299981,公園 
（仮称）荻外荘公園,167-0051,杉並区荻窪2丁目43番,,https://www.city.suginami.tokyo.jp/shisetsu/kouen/02/ogikubo/1054100.html,車いすトイレ,139.62231592,35.6984942399982,公園 
都立高井戸公園,,杉並区久我山2丁目,,https://www.city.suginami.tokyo.jp/shisetsu/kouen/toritsu/1060148.html,,139.604266884474,35.6834321489286,杉並区内の都立公園
荻窪だんだん公園,167-0051,杉並区荻窪5丁目15番13号（荻窪税務署屋上）,,https://www.city.suginami.tokyo.jp/shisetsu/kouen/02/ogikubo/1061284.html,,139.616460149999,35.7038713599983,公園 
方南緑地,168-0062,杉並区方南1丁目52番33号,,https://www.city.suginami.tokyo.jp/shisetsu/kouen/04/hounan/1063989.html,,139.65893603,35.6792801999978,公園 
下井草どかん公園,167-0022,杉並区下井草3丁目13番21号,,https://www.city.suginami.tokyo.jp/shisetsu/kouen/02/shimoigusa/1064377.html,車いすトイレ、オストメイトトイレ、ベビーベッド・ベビーチェアトイレ,139.625028089999,35.7194968799984,公園 
清水いづみ公園,167-0033,杉並区清水2丁目17番12号,,https://www.city.suginami.tokyo.jp/shisetsu/kouen/02/shimizu/1064382.html,,139.61587214,35.7140774599984,公園 
久我山丘のある公園,168-0082,杉並区久我山1丁目8番30号,,http://www.city.suginami.tokyo.jp/shisetsu/kouen/02/kugayama/1068144.html,,139.5952933,35.6841590999981,公園 
阿佐谷けやき公園,166-0001,杉並区阿佐谷北1丁目1番1号,03-5356-9501（阿佐谷地域区民センター）,https://www.city.suginami.tokyo.jp/shisetsu/kouen/01/asagayakita/1007051.html,車いす対応出入口、一般エレベーター、車いすエレベーター、点字案内、点字ブロック,139.6409871,35.7053418499982,公園 